Species,Images
Dog,8006
Butterfly,6788
Horse,5931
Spider,5244
Elephant,5088
Cat,4897
Chicken,3623
Sheep,3430
Lion,3276
Cow,2383
Snake,2377
Squirrel,1990
Lizard,1736
Fish,1452
Grasshopper,1236
Eagle,1173
Dragonfly,1096
Monkey,1091
Frog,977
Common Myna,926
Common Kingfisher,924
Ladybird,924
Brown Headed Barbet,924
Asian Green Bee Eater,924
Common Rosefinch,919
Common Tailorbird,918
Cattle Egret,918
Duck,906
Forest Wagtail,789
Deer,780
Coppersmith Barbet,778
Owl,752
Mosquito,750
Penguin,714
Crab,699
Parrot,661
Caterpillar,624
Cheetah,623
Jellyfish,609
Goose,598
Buffalo,592
Goat,572
Jaguar,567
Giraffe,537
Fox,493
Zebra,467
Leopard,456
Panda,431
Ostrich,428
Ladybug,427
Marino,420
Kangaroo,417
Otter,412
Hedgehog,405
Bear,402
Crocodile,400
Polar Bear,384
Rhino,376
Hippopotamus,374
Koala,356
Pig,346
Peacock,341
Lynx,330
Snail,330
Tiger,328
Whale,328
Raccoon,327
Camel,310
Harbor Seal,301
Mouse,294
Squid,288
Wolf,276
Seal,276
Donkey,276
Chimpanzee,276
Bison,276
Bee,276
Antelope,276
Dolphin,276
Hyena,276
Gorilla,276
Flamingo,276
Porcupine,276
Rabbit,253
Caracal,241
African Leopard,241
Puma,241
Ocelot,238
Centipede,237
Snow Leopard,236
Clouded Leopard,234
Goldfish,224
Mongoose,216
Chinchilla,216
Blackbird,216
Walrus,216
Beaver,216
Falcon,216
Ferret,216
Hawk,216
Iguana,216
Lemur,216
Hamster,193
Mourning Cloak,192
Sparrow,191
Green Hairstreak,181
Mole,176
Brown Argus,174
Wheat,174
Maize,170
Jute,170
Sugarcane,170
Rice,170
Brookes Birdwing,170
Lizard Images2,158
Chalk Hill Blue,154
Sleepy Orange,150
Humming Bird Hawk Moth,148
Atala,148
Brown Bear,147
Arcigera Flower Moth,145
Brown Siproeta,145
Scarce Swallow,144
Banded Orange Heliconian,144
Crecent,143
Hercules Moth,142
Milberts Tortoiseshell,142
Orange Tip,142
Rosy Maple Moth,142
Red Cracker,142
Banded Tiger Moth,141
Eastern Pine Elfin,141
Emperor Gum Moth,141
Checquered Skipper,141
Testb,140
Danaid Eggfly,140
Great Jay,140
Iphiclus Sister,139
Cleopatra,138
Bird Cherry Ermine Moth,138
Copper Tail,138
Oleander Hawk Moth,137
Eastern Coma,137
Eastern Dapple White,137
Purplish Copper,137
Cinnabar Moth,136
Garden Tiger Moth,136
Glittering Sapphire,135
Paper Kite,134
Giant Leopard Moth,134
Atlas Moth,134
Common Wood Nymph,133
Appollo,133
Clouded Sulphur,133
Monarch,133
Red Postman,132
Cabbage White,132
Adonis,131
Green Celled Cattleheart,131
Mangrove Skipper,130
Orange Oakleaf,130
Canary,129
Common Banded Awl,128
Madagascan Sunset Moth,128
Grey Hairstreak,128
Red Spotted Purple,128
Pine White,128
Polyphemus Moth,128
Blue Spotted Crow,128
Clearwing Moth,127
Chestnut,127
Clodius Parnassian,127
An 88,126
Black Hairstreak,126
Popinjay,126
Io Moth,125
Mestra,125
Pipevine Swallow,124
Swan,124
Silver Spot Skipper,124
Banded Peacock,123
Cairns Birdwing,122
Red Admiral,122
Luna Moth,122
Elbowed Pierrot,122
Beckers White,121
Large Marble,121
Julia,120
Indra Swallow,120
Testa,120
Bull,120
Shark,118
Purple Hairstreak,117
Painted Lady,116
Starfish,115
Question Mark,115
Orchard Swallow,114
Metalmark,113
African Giant Swallowtail,112
Blue Morpho,112
American Snoot,110
Great Eggfly,110
Comet Moth,110
Gold Banded,109
Crimson Patch,108
Malachite,108
Tortoise,107
Sixspot Burnet Moth,105
Turkey,103
